brand         , name               , iso , format    , color_type    , description                                                                                                        , best_practice
Fujifilm      , Fujicolor C200     ,  200, format_135, color_negative, "The 2024-2026 re-production of the classic C200 emulsion. Known for natural skin tones and a clean green palette.", "Excellent for daylight general use. Provides a cooler, more natural alternative to Kodak Gold."
Fujifilm      , Fujicolor C400     ,  400, format_135, color_negative, "Newly re-introduced high-speed color negative film. Versatile for street and varied lighting."                    , "Great all-rounder for everyday 35mm shooting. Handles overcast skies and movement well."
Fujifilm      , Fuji 200           ,  200, format_135, color_negative, "Modern consumer color film. Note: Shares a warm, yellow-leaning emulsion with Kodak Gold in certain markets."     , "Best in bright sun for punchy, saturated snapshots. Highly affordable."
Fujifilm      , Fuji 400           ,  400, format_135, color_negative, "Current high-speed consumer replacement for the older Superia lines. Reliable and sharp."                         , "Ideal for point-and-shoots and indoor/outdoor events where extra speed is needed."
Fujifilm      , Velvia 50          ,   50, format_120, slide         , "Legendary for landscape photography; extreme saturation and high contrast."                                       , "Meter for the highlights. Best used on a tripod for maximum detail at sunrise/sunset."
Fujifilm      , Velvia 100         ,  100, format_135, slide         , "Professional transparency film with high sharpness and intense coloration."                                       , "Slightly more magenta-biased than Velvia 50. Excellent for nature and florals."
Fujifilm      , Provia 100F        ,  100, format_135, slide         , "Professional all-purpose slide film with neutral color rendering and fine grain."                                 , "The most versatile E-6 film for fashion, product, and landscape work."
Fujifilm      , Neopan Acros 100 II,  100, format_135, b_w           , "Sophisticated B&W film with incredible sharpness and fine grain."                                                 , "The premier choice for long exposures due to its superior reciprocity characteristics."
Kodak         , Gold 200           ,  200, format_135, color_negative, "The core of consumer color film. Famous for its warm, yellow-gold color palette."                                 , "Thrives in harsh, direct sunlight. Very forgiving exposure latitude."
Kodak         , Gold 200           ,  200, format_120, color_negative, "Medium format version of the classic consumer stock. Very popular for TLRs."                                      , "Pairs perfectly with your TLR for a warm, vintage aesthetic at a lower price point than Portra."
Kodak         , UltraMax 400       ,  400, format_135, color_negative, "Flexible high-speed consumer film with punchy, vibrant colors."                                                   , "The 'go-to' film for casual 35mm shooting in unpredictable light."
Kodak         , Portra 400         ,  400, format_135, color_negative, "Professional standard for weddings. Exceptional skin tones and fine grain."                                       , "Overexpose by 1 stop (meter at 200) for high-key, pastel tones."
Kodak         , Portra 160         ,  160, format_120, color_negative, "Low-saturation professional stock for natural, subtle colors."                                                    , "Best for controlled studio light or soft overcast outdoor portraits."
Kodak         , Portra 800         ,  800, format_135, color_negative, "Professional high-speed film with rich saturation and pleasing grain."                                            , "One of the best choices for indoor events or blue-hour street photography."
Kodak         , Ektar 100          ,  100, format_120, color_negative, "The finest grain of any color negative film. High saturation and contrast."                                       , "The landscape king. Avoid for portraits as it often makes skin look too red."
Kodak         , Ektachrome E100    ,  100, format_135, slide         , "Modern color reversal film with neutral tones and incredibly fine grain."                                         , "Meter precisely for the highlights. Scans beautifully for digital workflows."
Kodak         , Tri-X 400          ,  400, format_135, b_w           , "Iconic high-contrast B&W film with a gritty, classic grain structure."                                            , "Excellent for street photography; pushes to 1600 or 3200 ISO with ease."
Ilford        , HP5 Plus           ,  400, format_135, b_w           , "The ultimate 'do-it-all' B&W film with massive exposure latitude."                                                , "Highly flexible; a safe bet for beginners and pros alike in any light."
Ilford        , FP4 Plus           ,  125, format_120, b_w           , "Traditional grain B&W stock with a wide tonal range and high sharpness."                                          , "Great for fine art landscapes and architecture in bright light."
Ilford        , Delta 3200         , 3200, format_135, b_w           , "Ultra-high-speed film for extremely low-light environments."                                                      , "Designed to be shot at 3200 and pushed; expect heavy, moody grain."
Kentmere      , Kentmere Pan 100   ,  100, format_135, b_w           , "Affordable B&W film with fine grain and good contrast. Produced by Harman."                                       , "Ideal for daily practice and students. High value for the price."
Kentmere      , Kentmere Pan 400   ,  400, format_135, b_w           , "Budget high-speed B&W film. Slightly more gritty than HP5."                                                       , "A reliable workhorse for testing cameras and general street work."
Foma          , Fomapan 100        ,  100, format_135, b_w           , "Traditional Czech B&W film with a classic, 'old world' feel."                                                     , "Best in high-contrast light. Shadow detail drops off quickly."
Foma          , Fomapan 200        ,  200, format_135, b_w           , "Uses hexagonal grain for a more modern, sharp B&W aesthetic."                                                     , "A great middle-ground speed for overcast days and urban landscapes."
Foma          , Fomapan 400        ,  400, format_120, b_w           , "High-speed B&W film with a rough, traditional texture. High grain."                                               , "Perfect for a moody, 1960s reportage look in your medium format gear."
CineStill     , 800T               ,  800, format_135, color_negative, "Tungsten-balanced cinema film with red halation around highlights."                                               , "Shoot under neon signs or street lamps for the signature 'glowing' effect."
CineStill     , 400D               ,  400, format_120, color_negative, "Daylight-balanced motion picture stock. Soft, warm, and cinematic."                                               , "Very versatile for golden hour and outdoor street portraits."
Lomography    , Color Negative 100 ,  100, format_135, color_negative, "Vibrant consumer film with high saturation and punchy contrast."                                                  , "Best in direct sunlight for the most 'Lomo' saturated look."
Lomography    , Color Negative 400 ,  400, format_135, color_negative, "Reliable all-rounder with warm tones and moderate grain."                                                         , "Great for casual outings and point-and-shoot fun."
Lomography    , Color Negative 800 ,  800, format_135, color_negative, "Fast, warm consumer film. Pleasing but prominent grain."                                                          , "Excellent for night street photography and low-light indoor shots."
Harman        , Phoenix 200        ,  200, format_135, color_negative, "Experimental UK color film with high contrast and red halation."                                                  , "Embrace the 'imperfections' like color shifts and halation."
Wolfen        , NC500              ,  400, format_135, color_negative, "German-made stock with desaturated, earthy, cinematic tones."                                                     , "Ideal for a moody 'winter' vibe. Avoid for colorful landscapes."
Kodak (Motion), Vision3 500T       ,  500, format_135, color_negative, "True motion picture film (ECN-2). Requires remjet removal."                                                       , "The cinematic standard. Requires a lab that specifically handles ECN-2."
Kodak (Motion), Vision3 250D       ,  250, format_135, color_negative, "Daylight cinema stock with a massive dynamic range."                                                              , "Holds detail in bright highlights better than any other film on the market."